{
    "elements": {
        "ion-content": {
            "attributes": {
                "overflow-scroll": {},
                "start-y": {},
                "start-x": {},
                "locking": {},
                "scroll": {},
                "scrollbar-y": {},
                "delegate-handle": {},
                "scrollbar-x": {},
                "on-scroll": {},
                "on-scroll-complete": {},
                "scroll-event-interval": {},
                "has-bouncing": {},
                "padding=": {},
                "direction": {},
                "class": {}
            }
        },
        "ion-refresher": {
            "attributes": {
                "on-pulling": {},
                "pulling-icon": {},
                "pulling-text": {},
                "disable-pulling-rotation": {},
                "on-refresh": {},
                "refreshing-icon": {},
                "spinner": {},
                "class": {}
            }
        },
        "ion-pane": {},
        "ion-checkbox": {},
        "ion-radio": {},
        "ion-toggle": {},
        "ion-header-bar": {
            "attributes": {
                "align-title": {},
                "no-tap-scroll": {},
                "class": {}
            }
        },
        "ion-footer-bar": {
            "attributes": {
                "align-title": {},
                "class": {}
            }
        },
        "ion-list": {
            "attributes": {
                "delegate-handle": {},
                "type": {},
                "show-delete": {},
                "show-reorder": {},
                "can-swipe": {},
                "class": {}
            }
        },
        "ion-item": {},
        "ion-delete-button": {},
        "ion-reorder-button": {},
        "ion-option-button": {},
        "ion-modal-view": {},
        "ion-nav-view": {
            "attributes": {
                "name": {},
                "class": {}
            }
        },
        "ion-view": {
            "attributes": {
                "view-title": {},
                "cache-view": {},
                "hide-back-button": {},
                "hide-nav-bar": {},
                "class": {}
            }
        },
        "ion-nav-bar": {
            "attributes": {
                "delegate-handle": {},
                "align-title": {},
                "no-tap-scroll": {},
                "class": {}
            }
        },
        "ion-nav-back-button": {},
        "ion-nav-buttons": {
            "attributes": {
                "side": {},
                "class": {}
            }
        },
        "ion-nav-title": {},
        "ion-nav-transition": {},
        "ion-nav-direction": {},
        "ion-popover-view": {},
        "ion-scrool": {
            "attributes": {
                "delegate-handle": {},
                "direction": {},
                "locking": {},
                "paging": {},
                "on-refresh": {},
                "on-scroll": {},
                "scrollbar-x": {},
                "scrollbar-y": {},
                "zooming": {},
                "min-zoom": {},
                "max-zoom": {},
                "has-bouncing": {},
                "class": {}
            }
        },
        "ion-infinite-scroll": {
            "attributes": {
                "on-infinite": {},
                "distance": {},
                "spinner": {},
                "icon": {},
                "immediate-check": {},
                "class": {}
            }
        },
        "ion-side-menus": {
            "attributes": {
                "enable-menu-with-back-views": {},
                "delegate-handle": {},
                "class": {}
            }
        },
        "ion-side-menu-content": {
            "attributes": {
                "drag-content": {},
                "edge-drag-threshold": {},
                "class": {}
            }
        },
        "ion-side-menu": {
            "attributes": {
                "side": {},
                "is-enabled": {},
                "width": {},
                "class": {}
            }
        },
        "ion-slide-box": {
            "attributes": {
                "delegate-handle": {},
                "does-continue": {},
                "auto-play": {},
                "slide-interval": {},
                "show-pager": {},
                "pager-click": {},
                "on-slide-changed": {},
                "active-slide": {},
                "class": {}
            }
        },
        "ion-slide-pager": {
            "attributes": {
                "ng-click": {},
                "class": {}
            }
        },
        "ion-slide-box": {},
        "ion-slide": {},
        "ion-spinner": {},
        "ion-tabs": {
            "attributes": {
                "delegate-handle": {},
                "class": {}
            }
        },
        "ion-tab": {
            "attributes": {
                "title": {},
                "href": {},
                "icon": {},
                "icon-on": {},
                "icon-off": {},
                "badge": {},
                "badge-style": {},
                "on-select": {},
                "on-deselect": {},
                "ng-click": {},
                "hidden": {},
                "disabled": {},
                "class": {}
            }
        }
    },
    "attributes": {}
}